id,order_status,order_id,product_name,product_url,cost_price
1,Active,402-0960692-2651500,Barnett Slingshot Power Bands (Magnum with Leather Pouch),http://www.amazon.in/gp/product/B000PWDGM2,6.2
2,Active,403-9764831-2363513,Angry Birds Movie Mini Figure Multi Pack Set B 7 Piece,http://www.amazon.in/gp/product/B01CU0V4BG,10.23
3,Active,403-7064199-0177908,Copper Bracelet for Arthritis - GUARANTEED 99.9 PURE Copper Magnetic Bracelet For Men Women With 6 Powerful Magnets For Effective Natural Relief Of Jo,http://www.amazon.in/gp/product/B0178ETRTK,12.76
4,Cancelled,171-9258128-1557162,Nike Women s Air Max Running Shoe BLACK/SAIL-RED VIOLET-ATOMIC ORANGE,http://www.amazon.in/gp/product/B00MAXPY6U,0
5,Cancelled,402-9227911-3761955,TOMS Women s Crochet Classic Slip-on SILVER CROCHET METALLIC,http://www.amazon.in/gp/product/B01HEGWJ0Q,55.96
6,Active,402-2311023-5756339,Microsoft LifeCam Studio 1080p HD Webcam (Q2F-00013),http://www.amazon.in/gp/product/B0096KSBB0,83.04
7,Active,402-4167075-6457940,Aqua Broom Swimming Pool Blaster XL Ultra Battery Vac Cleaner w Telescopic Pole,http://www.amazon.in/gp/product/B01BUIQ1FI,79.056
8,Cancelled,403-3437790-3621963,Lifemall New Breathable Elastic Postpartum Postnatal Recoery Support Girdle Belt Tummy Trimmer Fat Burning Lost Weight Waist Trainer Slimming Belt Bod,http://www.amazon.in/gp/product/B016XXUXAE,12.792
9,Cancelled,403-8502883-5802758,Witmood Round Smart Watch with Bluetooth SIM TF Card Heart Rate Monitor KW18 Wrist Watches for Andriod and iPhone black gold,http://www.amazon.in/gp/product/B01GJSNOQ8,0
10,Active,402-0437495-3071552,Garmin Virb Elite Action Camera Certified Refurbished,http://www.amazon.in/gp/product/B01D4YWQFK,75.992
11,Active,402-2133046-7159552,FLA 7 Cool-Lightweight Lumbar Sacral Support,http://www.amazon.in/gp/product/B00C0LOGXO,19.192
12,Active,403-5085477-5878702,Genius 120-degree Ultra Wide Angle Full HD Conference Webcam(WideCam F100),http://www.amazon.in/gp/product/B0080CE5M4,24.232
13,Active,404-2339328-3757116,ljersa Bluetooth Smart Bracelet Band Sport Fitness Wristband H8 with Pedometer Step Calories Count Sleep Monitor Health Fitness Tracker Rose Black,http://www.amazon.in/gp/product/B019K0SIQ8,11.192
14,Active,171-9417477-8184326,Bestpriceam 50.0 Mega Pixel Webcam Camera with Mic Sucker for Laptop Computer Pc,http://www.amazon.in/gp/product/B00L4RWH4A,2.632
15,Active,402-8756889-6037919,Oyen Digital M2S-U3-BK M.2 SATA to USB 3.0 External Aluminum Solid State Drive SSD Enclosure,http://www.amazon.in/gp/product/B019NNEA2I,114.75
16,Active,402-6146287-5473147,Nike Nike Air Max 90 Ultra Se gs Big Kids 844599-003 Blue 6,http://www.amazon.in/gp/product/B01JDKZAWK,80.232
17,Active,402-7054090-4234765,Talking Wrist Watch-English,http://www.amazon.in/gp/product/B0007PF8RS,8.32
18,Active,402-6506363-2501938,Nike Women s Flex Trainer 4 White Silver Bright Grape Sneaker Black/Volt/Pink Pow/Dark Grey,http://www.amazon.in/gp/product/B00Q5ZULZS,63.96
19,Active,171-7210783-6176311,Spading NBA Mini Silver Basketball,http://www.amazon.in/gp/product/B00R57WNMY,14.4
20,Active,402-7067635-5797902,RWATCH R11 Smart Watch Infrared Remote Controller Heart Rate Calls SMS Sedentary Reminder BT Music Pedometer Sleep Monitor for Android IOS Black,http://www.amazon.in/gp/product/B01DD1SES2,40.792
21,Active,402-3909212-9913919,Neohomesales New HP Windows Media Center Remote Control Same As 5070-2584 5070-2583 439128-001 438584-001,http://www.amazon.in/gp/product/B00WFN3IM2,6.64
22,Active,402-0416801-9463550,1 Pair JERN Tourmaline Magnetic Therapy Orthopedic Knee Support Belt Self Heating Knee Pads (Adjustable),http://www.amazon.in/gp/product/B017DBX6X6,8.76
23,Active,171-2924336-7647524,SEAGATE ST2000NM0001 Constellation 2TB SAS 600 7200RPM 64MB 8.5ms 3.5 internal hard drive Bare Drive,http://www.amazon.in/gp/product/B008LA5ZD8,57.2
24,Active,402-7910180-9845168,Arctic Silver Arctic Alumina 5g Premium Ceramic Thermal Cooling Adhesive Set AATA-5G,http://www.amazon.in/gp/product/B0087X725S,4.784
25,Active,402-5307416-9712325,U8 Smartwatch YAMAY Bluetooth Smart Watch Android Wear Bracelet Band with OLED Touch Screen Fitness Activity Tracker Pedometer Compatible Phone for Wo,http://www.amazon.in/gp/product/B015OBJ2BC,20.792
26,Active,171-6086177-4030765,adidas Performance Women s Sprintstar W Women s Running Shoes with Spikes White/White/Shock Pink,http://www.amazon.in/gp/product/B010UV7K24,18.472
27,Active,403-6786729-5341169,Mezlan Men s Vega Fashion Sneaker Brown/Navy,http://www.amazon.in/gp/product/B00NHZGA2M,234.984
28,Active,402-0905467-0413907,Florsheim Men's Classico Monk Oxford Black,http://www.amazon.in/gp/product/B005BKNG0U,70.392
29,Active,403-7961243-6364310,Hydro Flask Standard Mouth Insulated Sport Cap,http://www.amazon.in/gp/product/B00T6PTQ6Y,7.992
30,Active,402-2621287-6730763,Spire Mindfulness and Activity Tracker for iOS,http://www.amazon.in/gp/product/B00TH3SQOI,103.96
31,Active,404-1812740-2017103,Reebok Men s DMX Max Stride RS LTR 2.0 Walking Shoe Black/Matte Silver,http://www.amazon.in/gp/product/B010W3H7SM,30.416
32,Cancelled,402-9186643-8057169,Pokemon ASH KETCHUM Trainer Costume Cosplay Baseball Hat Cap Summber Sun Kids Adjustable,http://www.amazon.in/gp/product/B017G00PYW,0
33,Active,171-6134951-1293126,10pcs Screws 1pcs Dual Sided 5 point Pentalobe Screwdriver for Unibody Macbook Pro Retina 15 A1398 2012 2013 MC975 976 ME664 ME665 MC975 MC976 13 A150,http://www.amazon.in/gp/product/B018HVVDPO,6.4
34,Active,403-0915283-4409906,Bratz Sweet Style Doll - Jade,http://www.amazon.in/gp/product/B015A7CK5K,
35,Active,402-0539022-4239528,KARP Full HD 1 x 2 HDMI Spliter Port HDMI Splitter Amplifier Repeater 3D 1080p Switch Box Hub,http://www.amazon.in/gp/product/B017QTSD4M,10.392
36,Active,171-2230351-4603502,Boogie Board Jot J32220001 8.5-inch LCD eWriter (Blue),http://www.amazon.in/gp/product/B010HWCEAO,17.88
37,Active,403-4834759-9634753,Freedi Waist Trimmer Belt Beer Belly Waist Wrap Belt Help Weight Loss Back Posture Support Stomach Body Wrap Strengthen Tummy Abs Belly Fat Burning Sa,http://www.amazon.in/gp/product/B01H36SWUS,5.4
38,Active,403-1139678-3646718,"Caterpillar Men's 2nd Shift 6"" Plain Soft-Toe Work Boot Dark Brown",http://www.amazon.in/gp/product/B000CGQGIM,52.944
39,Cancelled,402-0273981-2510733,ZGO Magazine Korean Style Fashion Sport Men Women Teen Boys Girls Unisex Water Resistant Wrist Watch,http://www.amazon.in/gp/product/B00KIKO526,0
40,Active,403-8300662-9709920,Samsung Electronics Galaxy Tab S2 9.7 Keyboard Cover EJ-FT810UWEGUJ,http://www.amazon.in/gp/product/B013LKL7WK,94.4
41,Active,402-2117354-9230758,Mueller 140501 Nose Guard,http://www.amazon.in/gp/product/B00015QMME,28.792
42,Active,403-9422229-8208362,Fitian Mini Micro USB Charger Cable Power Supply Adapter HDMI USB to USB for Google Chromecast 2 2015 Chromecast Audio 8 inches,http://www.amazon.in/gp/product/B01AJNPLSI,4.792
43,Active,402-8344512-2852312,Andrea Communications C1-1030200-1 EDU255 USB Stereo Hdst,http://www.amazon.in/gp/product/B01BLFYAU8,22.472
44,Active,402-1253028-0432348,"AGPtEK Adjustable Silicone Knee Protection Pad, Knee Patellar Tendon Support Strap Band, Pain Relieved Knee Brace for Running, Jumping, Basketball Spo",http://www.amazon.in/gp/product/B019DMPVCM,7.992
45,Cancelled,171-3323134-0010760,Under Armour Men s Playmaker IV Slide Sandals White/Natural,http://www.amazon.in/gp/product/B00DNNVC08,0
46,Active,404-4712560-3287540,eBerry Latest Braided Fabric Wrapped Cords In-ear Earphones Headphones Headset with Inline Microphone Headphone Carrying Case for for iPhone 6 Plus 6,http://www.amazon.in/gp/product/B00Y86P1KQ,7.192
47,Active,404-3582760-8720364,NIKE JR KIDS MERCURIAL VORTEX II FG-R 651642-800 LASER ORANGE BLACK VOLT WHITE LASER ORANGE/WHITE-BLACK-VOLT 6Y,http://www.amazon.in/gp/product/B00INGW7AY,30.32
48,Active,404-8787321-3313101,"Brownmed Heel Hugger with Gel,",http://www.amazon.in/gp/product/B001G0N6QI,14.384
49,Active,402-1335646-2330712,Nonzero Gravity Planter Fasciitis Foot Sleeves - Heel Arch Support Ankle Sock Compression for Men Women 1 Pair Large,http://www.amazon.in/gp/product/B019R31UXG,7.992
50,Active,403-4541863-7557163,Brooks Men s Beast 14 Running Shoe Electric / Pavement / Silver,http://www.amazon.in/gp/product/B00H0D7DFK,95.96
51,Active,403-6362890-2049948,CopperJoint Copper Wrist Support 1 Compression Sleeve - GUARANTEED Recovery from Pain Sprains Carpal Tunnel Bursitis Tendonitis Arthritis - Single Bra,http://www.amazon.in/gp/product/B01CTMLHN0,22.376
52,Active,9463,Hyperice Sport Knee Ice Compression Device*,http://www.liveyoursport.com/products/hyperice-sport-knee-ice-compression-device,48
53,Active,9464,Wilson Champions Choice Duo*Product Total,http://www.liveyoursport.com/products/wilson-champions-choice-duo,31.184
54,Active,404-4981171-5298763,Corsair Pen Voyager Mini 64GB USB3.0 Pen Drive,http://www.amazon.in/gp/product/B00JDK9004,29.08
55,Active,171-3090209-3263556,YubiKey 4,http://www.amazon.in/gp/product/B018Y1Q71M,40
56,Active,402-1010241-7332315,USB CardReaderWriter 35in1,http://www.amazon.in/gp/product/B000IH1W20,11.552
57,Active,402-1810259-1925166,Yosoo 5.5mm Diameter 1 1.5 2 3.5 5M 6 LED Android OTG USB Endoscope Waterproof Snake Borescope Inspection Camera Tube Pipe Locator Camera 1.5M 1M,http://www.amazon.in/gp/product/B01CS2NL8K,11.992
58,Active,171-7127318-6631522,Sanuk Womens Yoga Zen Sandal Flip Flops Slipper Footwear Spiced Coral,http://www.amazon.in/gp/product/B015HUQ60K,27.2
59,Active,171-2833504-3006748,"Suunto Core Accessory Strap Light Elastomer All Black, One Size",http://www.amazon.in/gp/product/B007Q0GFL0,27.672
60,Active,403-2946276-4927547,DADAWEN Women s Crochet Classic Slip-on Toning Shoe Walking Sneaker Black,http://www.amazon.in/gp/product/B01CD1LY9O,17.672
61,Active,171-8834453-7989900,"QuikClot Sport, Advanced Clotting Sponge 25G",http://www.amazon.in/gp/product/B001B62XHU,11.152
62,Active,171-6477546-7341943,Silicone Wedding Ring by HonorGear Premium Quality Medical Grade Wedding-Bands for Active Men Athletes Engineers Electricians -183N Tensile Strength C,http://www.amazon.in/gp/product/B011W8686I,6.97
63,Active,404-8128233-5830756,Spri Xercise Band - 3 4 x 12 Long,http://www.amazon.in/gp/product/B003D8Z344,9.952
64,Active,402-2640084-0825167,Non Skid Slipper Socks - Slip Resistant Rubber Sole For Fall Management Prevention Large Medium,http://www.amazon.in/gp/product/B00H8953KI,14.95
65,Active,404-5492628-7010730,Meda One Samsung Stereo Headset (Black),http://www.amazon.in/gp/product/B01AWFS6NA,19.992
66,Active,403-8847449-3893967,ACE Knee Brace with Dual Side Stabilizers,http://www.amazon.in/gp/product/B005YU8SVE,11.952
67,Active,404-2398083-0515551,Shrinky Dinks Crystal Clear 10 Sheet Creative Pack,http://www.amazon.in/gp/product/B0103B04RO,5.304
68,Cancelled,402-3705305-4738707,Zoom Rival S 7 Men s Track Spike Sprint Shoes Hyper Punch/Black/Electric Green,http://www.amazon.in/gp/product/B00LWNKAS6,59.992
69,Active,402-7384651-0346734,RJ45 Plug Ethernet Network Surge Protector Thunder Arrester 100MHz,http://www.amazon.in/gp/product/B008ICE5Y4,5.304
70,Cancelled,403-5979220-0165919,LG Watch Urbane Wearable Smart Watch (Gold),http://www.amazon.in/gp/product/B00W3E5G3C,0
71,Active,403-4982443-1866724,Adidas Jumpstar Allround Spikes Blue,http://www.amazon.in/gp/product/B00H41PUEE,42.4
72,Active,404-2913000-4613132,DC Collectibles DC Comics The New 52 Trinity War Action Figure Playset,http://www.amazon.in/gp/product/B00CQKR5TQ,0
73,Active,403-0810930-9765941,AMKVFDA USB Rechargeable Magnetic Wooden Folding LED Night Light Book Light - 2500mAh Lithium Batteries Desk Lamp Table Lamp Warm White Light,http://www.amazon.in/gp/product/B01J76TSTQ,26.392
74,Active,403-8599625-0591525,Vibram FiveFingers Kids KSO EVO Little Kid Big Kid Orange / Red,http://www.amazon.in/gp/product/B00I3L7RXG,39.592
75,Active,171-2288611-9617168,TF-BK30 Tesla Men s Trail Running Minimalist Barefoot Shoe BK30 z-TF-BK30-BG 8 D(M),http://www.amazon.in/gp/product/B01F1KA9HM,23.984
76,Active,403-6183391-0062722,PcProfessional Screen Protector Set of 2 for Lenovo B40 21.5 All-in-One Touchscreen Desktop Anti Glare Anti Scratch filter radiation high quality micr,http://www.amazon.in/gp/product/B00Z3E7NJE,23.192
77,Active,402-4186937-4940305,"Lycom DT-120 M.2 PCIe to PCIe 3.0 x4 Adapter (Support M.2 PCIe 2280, 2260, 2242)",http://www.amazon.in/gp/product/B00MYCQP38,17.56
78,Active,402-8720344-0441148,HornetTek Eagle PCIE Card to USB 3.1 Type A Type C Ports 10 Gbps Max,http://www.amazon.in/gp/product/B0186N6O1Q,23.992
79,Active,403-6495733-8857901,Under Armour Men's UA Speedform Apollo Vent Sneaker Black/Black/Metallic Silver,http://www.amazon.in/gp/product/B00QJPELFA,5.56
80,Active,403-6495733-8857901(2),Under Armour Men s UA Micro G Limitless Training Shoes Black/Aluminum/White,http://www.amazon.in/gp/product/B00QJUCQIY,54.4
81,Active,404-1097681-3547558,Skin Case Sleeve Cover for Apple Pencil for iPad Pro Black,http://www.amazon.in/gp/product/B01H432A6M,5.56
82,Active,404-7756062-5805124,32 SAMSUNG UN32J5003AFXZA 32 LED TV Black Cover Heavy Duty Material slides easily on your TV Water Resistant Maximize TV Life Cover Size 29 W x 3 D x,http://www.amazon.in/gp/product/B01BZNI3ZE,24.8
83,Active,171-6241929-0228342,Motorola Moto 360 - Black Leather Smart Watch for Android Devices Certified Refurbished Gray,http://www.amazon.in/gp/product/B01DDWO476,24.8
84,Active,404-7816190-1896342,Timberland Men's Chocorua Trail Gore-Tex Mid Hiking Boot Black,http://www.amazon.in/gp/product/B002P2RB8A,71.96
85,Active,171-7885055-1823530,Nike 2015 Dura Feel VIII All Weather Mens Golf Gloves Left Hand Right Handed Golfer Black,http://www.amazon.in/gp/product/B002YLXD3Y,64.6
86,Active,171-8830022-6007521,Comfort Cool Thumb CMC Restriction Splint - Size:,http://www.amazon.in/gp/product/B003DQKAC6,12.768
87,Active,404-0355673-5069917,7mm Lens Waterproof 6 LED Android USB Endoscope Inspection Camera 1 meter 2 meter,http://www.amazon.in/gp/product/B01JFG3OUW,21.728
88,Active,171-4664259-9668324,Under Armour Men s UA Lockdown Basketball Shoes Black/White/Steel,http://www.amazon.in/gp/product/B0182NZ4TI,10.392
89,Active,402-8759398-0265902,Premium Calf Compression Sleeve 1 Pair 20-30mmHg Strong Calf Support Multiple COLORS Graduated Pressure for Sports Running Muscle Recovery Shin Splint,http://www.amazon.in/gp/product/B012E1B5P6,54.4
90,Active,402-2591211-2821110,Pwr Elastic Kinesiology Therapeutic Tape for Athletes CrossFit and Weight Lifting Sports Knee Shoulder Ankle Muscles Care Recovery Bandage Black Black,http://www.amazon.in/gp/product/B01HFISXBC,11.816
91,Active,404-7152648-1524305,Asus Zenwatch 2 Charging cable Fitian Portable Charger Fast Charging Cable USB Data Sync Cable Connector Charging kit for Asus Zenwatch 2 SmartWatch,http://www.amazon.in/gp/product/B01FXM0RJ8,7.92
92,Active,404-1177891-9359513,Premium Compression Calf Sleeve 2pcs by AJDSports - Perfect Fit to Help Reduce the Pain of Calf Strains Shin Splints and Varicose Veins - Faster Muscl,http://www.amazon.in/gp/product/B010R5AWV4,7.992
93,Active,403-6348216-3966725,Waveshare Dust Sensor Detector Module with Sharp GP2Y1010AU0F Onboard for Measuring PM2.5 Air Purifier Air Conditioner Monitor Supports Arduino,http://www.amazon.in/gp/product/B00T2T7FUS,6.392
94,Active,171-3364775-9833167,PUMA Complete Tfx Sprint III Track Shoe Dark Shadow/Steel Grey/Orange/Black,http://www.amazon.in/gp/product/B0058XIKSS,15.192
95,Active,404-2665009-0830732,Poramo Replacement RM-YD103 Remote Control for Sony KDL46HX750 KDL46HX850 KDL40W590B KDL42W700B KDL32W700B HDTV TV,http://www.amazon.in/gp/product/B01ETKBVM2,31.92
96,Active,403-7663951-4019532,Day and Night Foot Drop Brace Correction Ankle Corrector Great for Cerebral Hemiplegia and Poliomyelitis,http://www.amazon.in/gp/product/B00O49D6WM,9.272
97,Active,404-2772937-3915541,TripleHead2Go Digital SE,http://www.amazon.in/gp/product/B009N6XAEA,35.192
98,Active,403-2230791-4952307,Pwr Elastic Kinesiology Therapeutic Tape for Athletes CrossFit and Weight Lifting Sports Knee Shoulder Ankle Muscles Care Recovery Bandage Black Black,http://www.amazon.in/gp/product/B01HFISXBC,7.92
99,Active,403-1008602-9084367,Mega Bloks First Builders Waterfall Garden,http://www.amazon.in/gp/product/B00J05N07Q,7.92
100,Active,171-8738465-6748322,Danzcue Adult Full Sole Canvas Ballet Slipper Pink,http://www.amazon.in/gp/product/B01ESZ7VZO,20.128
101,Active,402-1600760-3963544,Random Color Rigal 802 Mini LCD 480x320 HDMI USB SD AV VGA 1080P Home Theater LED Projector EU Plug . Rigal 802 Mini LCD 480x320 HDMI USB SD AV VGA 10,http://www.amazon.in/gp/product/B01GM9H9G0,11.56
102,Active,404-5479422-6466763,Goege New Style Adjustable Breathable Trimmer Belt Tummy Fat Burning Slimming Belt Body Shaper Slimming Tummy Waist Trainer Lose Weight Fast Helps Los,http://www.amazon.in/gp/product/B0107N7HPU,53.744
103,Active,403-8930118-6383528,Andoer 2.1m 6.89ft Telescopic Fishing Rod Travel Spinning Lure Rod Raft Pole Carbon Fiber for Saltwater Freshwater,http://www.amazon.in/gp/product/B00NPRXK84,11.976
104,Active,171-4663154-4210740,Inov-8 Men's Race Ultra 270 Trail-Running Shoe Lime / Blue,http://www.amazon.in/gp/product/B00QTD1UBK,9.072
105,Active,402-2739810-8803554,Aircast 02TML A60 Stabiliser Ankle Brace,http://www.amazon.in/gp/product/B001CRL8CO,63.968
106,Active,171-3704450-9969143,Push on Male F Type Coaxial Coax Telescopic FM Antenna for Home Theater AV A V Receiver and the earlier Bose Radios Denon YAMAHA ONKYO MARANTZ PHILIPS,http://www.amazon.in/gp/product/B01GXMSAXM,27.792
107,Active,402-0944858-0493110,"Zak! Designs Insulated Lunch Bag with Elsa & Anna from Frozen, BPA-free",http://www.amazon.in/gp/product/B00UV5KTQO,12.72
108,Active,402-6931955-6357136,Slim USB 2.0 External Slim USB 2.0 CD-ROM Drive for all Laptop notebook ( Pink ) with USB 2.0 AGPtek All-In-One Card Reader,http://www.amazon.in/gp/product/B0049FJ6KM,4.792
109,Active,403-5516299-9709155,AFAITH Rechargeable Noiseless USB Desk Fan Quiet Powerful Airflow Personal Mini Cooling Fan Small Table Fan with Pedestal Adjustable Head Angel 2 Leve,http://www.amazon.in/gp/product/B011EU1EDQ,9.032
110,Active,402-4229155-7233162,Aircast AirLift PTTD Ankle Support Brace Left Foot,http://www.amazon.in/gp/product/B00P3D4FNC,11.992
111,Active,404-3369416-0392327,Olukai Kikaha Men s Flip Flop Sandal Black / Ember,http://www.amazon.in/gp/product/B00DNNO1II,42.328
112,Active,404-8765384-1222742,Onitsuka Tiger Mexico 66 Classic Running Shoe White / Red / Blue,http://www.amazon.in/gp/product/B00HVVHCCK,71.96
113,Active,403-3777837-2649969,BisLinks Bottom Base Screws Repair Fix Set for MacBook Pro A1278 A1286 A1297 13 15 17,http://www.amazon.in/gp/product/B011P7LBH2,66.392
114,Active,404-7027511-8338727,Copper Bracelet for Arthritis - GUARANTEED 99.9 PURE Copper Magnetic Bracelet For Men Women With 6 Powerful Magnets For Effective Natural Relief Of Jo,http://www.amazon.in/gp/product/B0178ETRTK,2.552
115,Active,402-0825442-8637917,"Mojo Compression Calf Sleeve (Medium, Pink)",http://www.amazon.in/gp/product/B00H25TQ9M,12.76
116,Active,171-0590316-3347552,Aircast A60 Ankle Support Brace Right Foot Black Medium Shoe Size Men s 7.5 - 11.5 Women s 9 - 13,http://www.amazon.in/gp/product/B00Q4RRJ1G,11.96
117,Active,404-4655166-9364348,Vantrue R2 Car Dash Cam - 2K HD WDR 2.7 In. LCD Dashboard Camera DVR Video Audio Recorder w 170 Wide Angle Parking Sensor Superior Night Vision w 32GB,http://www.amazon.in/gp/product/B01ASO27EY,23.912
118,Active,404-5048781-0797902,Pokemon ASH KETCHUM Trainer Costume Cosplay Baseball Hat Cap Summber Sun Kids Adjustable,http://www.amazon.in/gp/product/B017G00PYW,3.992
119,Active,403-3100785-9564325,Apple Watch Case GMYLE Rugged Shock Resist Protection Armor Soft Silicone Rubber Case for Apple Watch 38mm - Matte Black Matte Black Apple Watch 38mm,http://www.amazon.in/gp/product/B010D2JREO,5.504
120,Active,404-1931995-1293132,Andoer 2.1m 6.89ft Telescopic Fishing Rod Travel Spinning Lure Rod Raft Pole Carbon Fiber for Saltwater Freshwater,http://www.amazon.in/gp/product/B00NPRXK84,7.184
121,Active,404-1752235-2905153,Elstey Hard Travel Case for TI-83 Plus TI-84 Plus CE TI-84 plus Ti-84 plus C silver edition TI-84 Plus Color Edition TI-89 Titanium HP50G Graphing Cal,http://www.amazon.in/gp/product/B01IGONQSY,9.072
122,Active,404-8485983-5713128,Remote Control for WD Western Digital Elements TV HD Mini Live Plus Hub,http://www.amazon.in/gp/product/B01EFKCDKU,6.872
123,Active,403-0487395-1863508,Eathtek New Laptop Keyboard with Backlit for Lenovo ThinkPad Edge E431 E440 Lenovo ThinkPad L440 T431s T440 T440p T440s series Black US Layout Compati,http://www.amazon.in/gp/product/B01FQOEI6G,10.392
124,Active,404-0691898-5003539,"Set of 2 Rubberbanditz Crossfit Pull up Bands - #3, #4 - Heavy, Robust",http://www.amazon.in/gp/product/B006JP2MA6,35
125,Active,171-2403715-7921123,Garmin Replacement Band For Forerunner 10 - Black,http://www.amazon.in/gp/product/B00CRGYOU2,6.392
126,Active,404-4603131-7217144,Asus Zenwatch 2 Charging cable Fitian Portable Charger Fast Charging Cable USB Data Sync Cable Connector Charging kit for Asus Zenwatch 2 SmartWatch,http://www.amazon.in/gp/product/B01FXM0RJ8,12.696
127,Active,402-9300662-3268353,Onitsuka Tiger Tokuten Classic Soccer Shoe Vintage Blue/Burgundy,http://www.amazon.in/gp/product/B00PUR49T6,7.992
128,Active,403-1292460-6378725,Futuro Elbow Support with Pressure Pads Medium,http://www.amazon.in/gp/product/B0057D7Y2C,39.192
129,Active,402-7348340-9852300,adidas Performance Isolation 2 Wide K Basketball Shoe Little Kid Big Kid Core Black/Metallic/Silver/Running White,http://www.amazon.in/gp/product/B00PNFUYOO,8.632
130,Active,402-2487216-5048331,Mueller Sports Lite Active Hinged Ankle Brace Basketball OSFM 2 Colors. 455,http://www.amazon.in/gp/product/B00PNFUYOO,23.992
131,Active,402-4951235-6678729,New Generic Replacement Remote Control Fit for RAV315 for Yamaha Home Audio HTR6040G WK22730EU RX-V461 HTR-6050 RXV561,http://www.amazon.in/gp/product/B01B5IBWK2,11.904
132,Active,171-9481847-8126707,2016 Callaway Chev Comfort II Leather Upper Water Resistant Mens Golf Shoes White/black/blue,http://www.amazon.in/gp/product/B01BMHND4E,14.4
133,Active,402-4241309-7150727,Lifetime Warranty Fast Relief from Plantar Fasciitis Swelling Foot Pain Promotes Blood Circulation Open Toed Compression Sleeve Sock Health Is Wealth,http://www.amazon.in/gp/product/B01882RQXK,44.448
134,Active,402-1477873-0139524,Hot Belt-Mesh Breathable Abdominal Binder Waist Trainer Slimming Belt Postnatal Recoery Belt Postpartum Belly Band Tummy Control Waist Trimmer Belt fo,http://www.amazon.in/gp/product/B014O4U818,11.992
135,Active,403-4485138-5083561,Dance Class Women s CB102 Canvas Ballet Pink,http://www.amazon.in/gp/product/B00F94ZECG,5.592
136,Active,404-4575647-3756335,GEFEN GTB-HD4K2K-144-BLK ToolBox 1 4 Splitter for HDMI 4Kx2K,http://www.amazon.in/gp/product/B00EDTUTOQ,14.4
137,Active,404-9625892-2441109,Saucony Women s ProGrid Triumph 7 Running Shoe White/Blue 7 C/D US,http://www.amazon.in/gp/product/B002JVWTBQ,205.512
138,Active,402-2496327-0769114,SATA 2nd Hard Disk Drive HDD Bay Caddy Adapter for Dell Latitude D600 D610 D620 D630,http://www.amazon.in/gp/product/B004FM6YU4,63.92
139,Active,171-7829345-8333154,Gosasa Men Sports Watches Men s Quartz Hour Date Clock Man Leather Strap Military Army Waterproof Wrist Watch,http://www.amazon.in/gp/product/B014JB709O,8.456
140,Active,402-1515845-0884321,Samsung Smart Hub 4K TV Replacement Remote Control HU6900 HU6950 HU7000 HU7200 HU7250,http://www.amazon.in/gp/product/B01B5DQ108,15.192
141,Active,404-2607007-5041963,C-Panty C-Section Recovery Starter Pack 1 C-Panty High Waist 1 Classic Waist,http://www.amazon.in/gp/product/B00KB3351M,35.992
142,Active,403-2760513-4440351,Nike Black/Metallic Silver/White,http://www.amazon.in/gp/product/B00266I792,55.992
143,Active,403-8541391-7559535,Plantar Fasciitis Arch Cushion and Support with Gel Therapy- Foot Sleeve for Heel Pain,http://www.amazon.in/gp/product/B0128M78MK,47.992
144,Active,404-7742248-3512325,Danny-1 Men s Chukka Boots Tan,http://www.amazon.in/gp/product/B016HFHYTG,10.392
145,Active,171-8938615-4923547,Copper Compression Gear Plantar Fasciitis Foot Sleeves Support Socks - Reduce Swelling Speed Up Recovery Get INSTANT Relief Support 1-PAIR Size Medium,http://www.amazon.in/gp/product/B01ATRKFSK,23.792
146,Active,171-1971968-2313915,Caterpillar Men s Shift CT Work Oxford Steel Toe Dark Shadow,http://www.amazon.in/gp/product/B014LSP5GU,15.96
147,Cancelled,171-4461957-4889112,Aerosoles Women s Survival Flat Black Leather,http://www.amazon.in/gp/product/B009FUQ5KK,0
148,Active,404-2457169-3142758,ITEAD PN532 NFC Module 13.56MHz 3.3V Board for Arduino Raspberry PI,http://www.amazon.in/gp/product/B01CJI8Q3S,17.584
149,Active,403-0537640-1506757,Jurassic World Adhesive Bandages,http://www.amazon.in/gp/product/B010CAHSCU,5.4
